# bool
statement ok
create table test1 (a boolean)

statement ok
INSERT INTO test1 VALUES (TRUE)

statement ok
INSERT INTO test1 VALUES (false)

query B rowsort
select * from test1 order by a
----
false
true

statement ok
drop table test1

# date
statement ok
create table t (v1 date not null);

statement ok
insert into t values('2020-01-01');

query I
select v1 from t where v1 < date '2021-01-01';
----
2020-01-01

statement ok
drop table t

subtest IntervalBinaryExpr

query T
select date '1993-07-01' + interval '1' + '2' day;
----
1993-07-04

subtest SimpleCaseExpr

statement ok
create table t_case(x int not null)

statement ok
insert into t_case values (1), (2)

query T rowsort
select case x when 1 then 'a' else 'b' end from t_case
----
a
b

statement ok
drop table t_case

# smallint
statement ok
create table t (a smallint not null);

statement ok
insert into t values (1);

query I
select a + a, a - a, a * a, a / a from t;
----
2 0 1 1

statement ok
drop table t
